sku|attribute_set|type|store|category|name|description|short_description|qty|unit_quantity|unit_price|cost|price|super_attribute_pricing||name|family|name|categories|is_in_stock|manage_stock|status|visibility|tax_class_id|weight|thumbnail|small_image|image|media_gallery
14__2500|Unit Quantity|simple|admin|Blank Laser Check Stock  - Top|2 Perforations (3 1/2" & 7")|^<b>Laser Check Stock - Top Position</b>

Pre-printed Check shells designed for use with non impact technology. The Check is positioned  in the top panel and is available with a choice of 3 different colors in a "Void" Security background. Also features a Warning Endorsement & Warning in the border. 

<b>Choice of One or Two Perforations-positions as indicated.</b>
<br>
<br>
<b>We also offer companion Double Window Check Envelopes, available  in a regular or self seal. </b>
#9 Envelope: 3 7/8" x 8 7/8"
24# White gummed flap
Security Inside Blue Tint








^|^<b>Laser Check Stock - Top Position</b>

Pre-printed Check shells designed for use with non impact technology. The Check is positioned  in the top panel and is available with a choice of 3 different colors in a "Void" Security background. Also features a Warning Endorsement & Warning in the border. 

<b>Choice of One or Two Perforations-positions as indicated.</b>
<br>
<br>
<b>We also offer companion Double Window Check Envelopes, available  in a regular or self seal. </b>
#9 Envelope: 3 7/8" x 8 7/8"
24# White gummed flap
Security Inside Blue Tint








^|100000|2500|48.25|60.05|120.63|120.73||Print Forms|Checks|Blank Laser Check Stock  - Top|Print Forms/Checks/Blank Laser Check Stock  - Top|1|1|1|Catalog, Search|Taxable Goods|5|http://print-forms.com/images/product_category/logo/5.jpg|http://print-forms.com/images/product_category/logo/5.jpg|http://print-forms.com/images/product_category/logo/5.jpg|
14__5000|Unit Quantity|simple|admin|Blank Laser Check Stock  - Top|2 Perforations (3 1/2" & 7")|^<b>Laser Check Stock - Top Position</b>

Pre-printed Check shells designed for use with non impact technology. The Check is positioned  in the top panel and is available with a choice of 3 different colors in a "Void" Security background. Also features a Warning Endorsement & Warning in the border. 

<b>Choice of One or Two Perforations-positions as indicated.</b>
<br>
<br>
<b>We also offer companion Double Window Check Envelopes, available  in a regular or self seal. </b>
#9 Envelope: 3 7/8" x 8 7/8"
24# White gummed flap
Security Inside Blue Tint








^|^<b>Laser Check Stock - Top Position</b>

Pre-printed Check shells designed for use with non impact technology. The Check is positioned  in the top panel and is available with a choice of 3 different colors in a "Void" Security background. Also features a Warning Endorsement & Warning in the border. 

<b>Choice of One or Two Perforations-positions as indicated.</b>
<br>
<br>
<b>We also offer companion Double Window Check Envelopes, available  in a regular or self seal. </b>
#9 Envelope: 3 7/8" x 8 7/8"
24# White gummed flap
Security Inside Blue Tint








^|100000|5000|47.45|120.1|237.25|237.25||Print Forms|Checks|Blank Laser Check Stock  - Top|Print Forms/Checks/Blank Laser Check Stock  - Top|1|1|1|Catalog, Search|Taxable Goods|10|http://print-forms.com/images/product_category/logo/5.jpg|http://print-forms.com/images/product_category/logo/5.jpg|http://print-forms.com/images/product_category/logo/5.jpg|
14__7500|Unit Quantity|simple|admin|Blank Laser Check Stock  - Top|2 Perforations (3 1/2" & 7")|^<b>Laser Check Stock - Top Position</b>

Pre-printed Check shells designed for use with non impact technology. The Check is positioned  in the top panel and is available with a choice of 3 different colors in a "Void" Security background. Also features a Warning Endorsement & Warning in the border. 

<b>Choice of One or Two Perforations-positions as indicated.</b>
<br>
<br>
<b>We also offer companion Double Window Check Envelopes, available  in a regular or self seal. </b>
#9 Envelope: 3 7/8" x 8 7/8"
24# White gummed flap
Security Inside Blue Tint








^|^<b>Laser Check Stock - Top Position</b>

Pre-printed Check shells designed for use with non impact technology. The Check is positioned  in the top panel and is available with a choice of 3 different colors in a "Void" Security background. Also features a Warning Endorsement & Warning in the border. 

<b>Choice of One or Two Perforations-positions as indicated.</b>
<br>
<br>
<b>We also offer companion Double Window Check Envelopes, available  in a regular or self seal. </b>
#9 Envelope: 3 7/8" x 8 7/8"
24# White gummed flap
Security Inside Blue Tint








^|100000|7500|45.45|180.15|340.88|340.88||Print Forms|Checks|Blank Laser Check Stock  - Top|Print Forms/Checks/Blank Laser Check Stock  - Top|1|1|1|Catalog, Search|Taxable Goods|15|http://print-forms.com/images/product_category/logo/5.jpg|http://print-forms.com/images/product_category/logo/5.jpg|http://print-forms.com/images/product_category/logo/5.jpg|
14__|Unit Quantity|configurable|admin|Blank Laser Check Stock  - Top|2 Perforations (3 1/2" & 7")|^<b>Laser Check Stock - Top Position</b>

Pre-printed Check shells designed for use with non impact technology. The Check is positioned  in the top panel and is available with a choice of 3 different colors in a "Void" Security background. Also features a Warning Endorsement & Warning in the border. 

<b>Choice of One or Two Perforations-positions as indicated.</b>
<br>
<br>
<b>We also offer companion Double Window Check Envelopes, available  in a regular or self seal. </b>
#9 Envelope: 3 7/8" x 8 7/8"
24# White gummed flap
Security Inside Blue Tint








^|^<b>Laser Check Stock - Top Position</b>

Pre-printed Check shells designed for use with non impact technology. The Check is positioned  in the top panel and is available with a choice of 3 different colors in a "Void" Security background. Also features a Warning Endorsement & Warning in the border. 

<b>Choice of One or Two Perforations-positions as indicated.</b>
<br>
<br>
<b>We also offer companion Double Window Check Envelopes, available  in a regular or self seal. </b>
#9 Envelope: 3 7/8" x 8 7/8"
24# White gummed flap
Security Inside Blue Tint








^|100000|7500|45.45|0|0|0||Print Forms|Checks|Blank Laser Check Stock  - Top|Print Forms/Checks/Blank Laser Check Stock  - Top|1|1|1|Catalog, Search|Taxable Goods|15|http://print-forms.com/images/product_category/logo/5.jpg|http://print-forms.com/images/product_category/logo/5.jpg|http://print-forms.com/images/product_category/logo/5.jpg|
