sku,store
1513-1000,print4cp
1513-config,print4cp
1514-1000,print4cp
1514-10000,print4cp
1514-2500,print4cp
1514-5000,print4cp
1514-config,print4cp
1515-1000,print4cp
1515-2500,print4cp
1515-config,print4cp
1516-1000,print4cp
1516-250,print4cp
1516-500,print4cp
1516-config,print4cp
1523-1000,print4cp
1523-2500,print4cp
1523-config,print4cp
1524-1000,print4cp
1524-2500,print4cp
1524-config,print4cp
1525-1000,print4cp
1525-2500,print4cp
1525-config,print4cp
1526-1000,print4cp
1526-2000,print4cp
1526-5000,print4cp
1526-config,print4cp
1527-1000,print4cp
1527-2500,print4cp
1527-config,print4cp
1528-1000,print4cp
1528-2500,print4cp
1528-config,print4cp
1529-1000,print4cp
1529-2500,print4cp
1529-config,print4cp
1551-1000,print4cp
1551-2000,print4cp
1551-config,print4cp
1554-5000,print4cp
1554-config,print4cp
1595-2625,print4cp
1595-config,print4cp
1686-10000,print4cp
1686-15000,print4cp
1686-20000,print4cp
1686-config,print4cp
1767-5000,print4cp
1767-config,print4cp
1772-5000,print4cp
1772-config,print4cp
1785-2000,print4cp
1785-2500,print4cp
1785-5000,print4cp
1785-config,print4cp
1791-1000,print4cp
1791-config,print4cp
1807-10000,print4cp
1807-config,print4cp
1811-500,print4cp
1811-config,print4cp
1841-5000,print4cp
1841-config,print4cp
1928-1000,print4cp
1928-config,print4cp
1929-1000,print4cp
1929-config,print4cp
2075-5000,print4cp
2075-config,print4cp
2076-5000,print4cp
2076-config,print4cp
2077-2500,print4cp
2077-5000,print4cp
2077-config,print4cp
2142-5000,print4cp
2142-config,print4cp
2144-5000,print4cp
2144-config,print4cp
2154-1500,print4cp
2154-config,print4cp
2290-500,print4cp
2290-config,print4cp
2291-2000,print4cp
2291-config,print4cp
2311-2500,print4cp
2311-config,print4cp
2331-1000,print4cp
2331-config,print4cp
2351-2000,print4cp
2351-config,print4cp
2365-1000,print4cp
2365-config,print4cp
2385-1000,print4cp
2385-config,print4cp
2398-1000,print4cp
2398-config,print4cp
2424-500,print4cp
2424-config,print4cp
2433-20000,print4cp
2433-config,print4cp
2434-10000,print4cp
2434-config,print4cp
2436-2000,print4cp
2436-config,print4cp
2470-2000,print4cp
2470-config,print4cp
2488-1000,print4cp
2488-config,print4cp
2489-1000,print4cp
2489-config,print4cp
2495-1000,print4cp
2495-config,print4cp
2500-2000,print4cp
2500-config,print4cp
2505-500,print4cp
2505-config,print4cp
2507-1000,print4cp
2507-config,print4cp
